website_url,company_name
https://www.rescuepetsupply.com/,Rescue Pet Supply
https://www.airoh.com,Airoh
https://fungtio.com/,Fungtio
https://birdertown.com,Birdertown
https://thefieldtoolkit.com/,The Field Tool Kit
https://munkmafia.com/,Munk Mafia
https://prolongedhair.com/,Prolonged Hair
https://www.stokeprovisions.com,Stoke Provisions Inc
https://www.rangeme.com/,Portar
https://www.verteks.com,Verteks
https://www.nextlevelperformance.com,Next Level Performance
https://patrick.wagstrom.net,Wagstro
https://www.adaptohealusa.com/,ADAPTOHEAL USA
https://tecmotus.com/,TecMotus
https://www.friperiod.com/,Fri Period
https://jeyanciebeauty.com/,JEYANCIE Beauty
https://www.rvlock.com/,RVLock
https://ditto.com,Ditto
https://fungtio.com/,Fungtio
https://www.airoh.com,Airoh USA
https://www.kafalo.com,Kafalo
https://orangily.com/,Orangily
https://biblebricks.com,Bible Bricks
https://sbphinc.com,SolutionBased
https://www.stokeprovisions.com,Stoke Provisions Inc
https://omnisend.com,Omnisend
https://bolt.com,Bolt
https://www.vitalpetlife.com/,Vital Pet Life
https://yotpo.com,Yotpo
https://www.rangeme.com/,Portar
https://www.tropiclean.shop,Tropiclean
https://postscript.io,Postscript
https://www.comehome.com/,come home
https://www.loopyarn.net,Loop Yarn
https://airlinesonautopilot.com/,Airlines on Autopilot
https://www.wisteria.store,Wisteria
https://www.lehighsafetyshoes.shop,Lehigh Safety Shoes
https://www.sustainablelove.com,Sustainable Love
https://besbellejewels.com/,Besbelle Jewels
https://www.friperiod.com/,Fri Period
https://www.rvlock.com/,RVLock
https://fungtio.com/,Fungtio
https://www.airoh.com,Airoh USA
https://www.pingora.com,Pingora
https://k2groupcorp.com/,K2 Industries
https://newyorktoycollective.com,New York Toy Collective
https://freeze.com,Freeze 24/7
https://www.tattoozoo.net,Tattoo Zoo
https://www.enchantedreadings.com,Enchanted Readings
https://omi.co,VOVO USA
https://outdo.shop/,Outdo
https://noraross.com,Nora Ross
https://www.earth-mama.net,Earth Mama®
https://omorovicza.shop/,Omorovicza
https://www.rabbitsreviews.com/,rabbit
https://wolfpak.com/em-cgi/btag/,WOLFpak
https://www.knight-security.com/,Knight Security
http://www3.losano.de/,Losano
https://www.eaglecreek.shop,Eagle Creek
https://nativepath.com,NativePath
https://algenist.net,Algenist
https://www.breathewave.co,breathewave
https://www.kickeepants.shop,KicKee Pants
https://www.swissgear.co,SWISSGEAR
https://mapleprimes.com,Maple Prime
https://summer-fridays.store/,Summer Fridays
https://newtonbaby.shop/,Newton Baby
https://www.simonsaysstamp.store,Simon Says Stamp
https://www.underthecanopy.io,Under The Canopy
https://www.nisolo.store,Nisolo
https://hygenixgt.com,Hygenix
https://www.oaki.co,Oaki
https://www.bevel.com,BEVEL
https://www.titov.co,TITOV
https://www.motorbunny.co,Motorbunny
https://www.poppin.io,Poppin
https://www.intimaterose.store,Intimate Rose
https://frameamo.com,Frame Amo
https://gameguardian.net/forum/,GameGuard
https://www.hairstory.co,Hairstory
https://www.shampoohotel.shop,Shampoohotel
https://www.ledgelounger.co,Ledge Lounger
https://marion-parke.com,Marion Parke
https://www.stillnovel.com/,Still Novel
https://www.sweetums-wipes.com,Sweetums Wipes
https://zsupply.co/,Z SUPPLY
https://www.katherinehome.com,KATHERINE HOME
https://webflex.co,Web Flex
https://www.rotimatic.co,Rotimatic
https://www.barebones.com,Barebones
https://twelvemarketinginc.co.za,Twelve 28 Market
https://www.tag24.it/,TagIt
https://www.wisteria.store,Wisteria
https://www.comehome.com/,come home
https://www.loopyarn.net,Loop Yarn
https://prohealthcom.com,ProHealth.com
https://brazilianblowout.shop/,Brazilian Blowout
https://www.shiftrobotics.store/catalog/exoskeleton/hypershell-go-x,Shift Robotics
https://ic.gc.ca,528 Innovations
https://www.ilesformula.shop,Iles Formula
http://instantfwding.com/?dn=mixology.co&pid=7PO2UM885,Mixology
https://fabfitfun.com,Fabfitfun
https://www.texas-superfood.com,Texas SuperFood
https://www.blumixx.de/,Blumix
https://www.enzymedica.shop,Enzymedica®
https://www.blumixx.de/,Blumix